PMID,Title,Authors,Citation,First Author,Journal/Book,Publication Year,Create Date,PMCID,NIHMS ID,DOI
"30649735","Overview of the First Natural Language Processing Challenge for Extracting Medication, Indication, and Adverse Drug Events from Electronic Health Record Notes (MADE 1.0)","Jagannatha A, Liu F, Liu W, Yu H.","Drug Saf. 2019 Jan;42(1):99-111. doi: 10.1007/s40264-018-0762-z.","Jagannatha A","Drug Saf","2019","2019/01/17","PMC6860017","NIHMS1518894","10.1007/s40264-018-0762-z"
"33245290","Identification of Adverse Drug Event-Related Japanese Articles: Natural Language Processing Analysis","Ujiie S, Yada S, Wakamiya S, Aramaki E.","JMIR Med Inform. 2020 Nov 27;8(11):e22661. doi: 10.2196/22661.","Ujiie S","JMIR Med Inform","2020","2020/11/27","PMC7732716","","10.2196/22661"
"33215076","Adverse drug event presentation and tracking (ADEPT): semiautomated, high throughput pharmacovigilance using real-world data","Geva A, Stedman JP, Manzi SF, Lin C, Savova GK, Avillach P, Mandl KD.","JAMIA Open. 2020 Aug 31;3(3):413-421. doi: 10.1093/jamiaopen/ooaa031. eCollection 2020 Oct.","Geva A","JAMIA Open","2020","2020/11/20","PMC7660953","","10.1093/jamiaopen/ooaa031"
"31630063","A systematic review of natural language processing for classification tasks in the field of incident reporting and adverse event analysis","Young IJB, Luz S, Lone N.","Int J Med Inform. 2019 Dec;132:103971. doi: 10.1016/j.ijmedinf.2019.103971. Epub 2019 Oct 5.","Young IJB","Int J Med Inform","2019","2019/10/21","","","10.1016/j.ijmedinf.2019.103971"
"33006728","ADE Eval: An Evaluation of Text Processing Systems for Adverse Event Extraction from Drug Labels for Pharmacovigilance","Bayer S, Clark C, Dang O, Aberdeen J, Brajovic S, Swank K, Hirschman L, Ball R.","Drug Saf. 2021 Jan;44(1):83-94. doi: 10.1007/s40264-020-00996-3. Epub 2020 Oct 2.","Bayer S","Drug Saf","2021","2020/10/02","PMC7813736","","10.1007/s40264-020-00996-3"
"31162134","Early Detection of Adverse Drug Reactions in Social Health Networks: A Natural Language Processing Pipeline for Signal Detection","Nikfarjam A, Ransohoff JD, Callahan A, Jones E, Loew B, Kwong BY, Sarin KY, Shah NH.","JMIR Public Health Surveill. 2019 Jun 3;5(2):e11264. doi: 10.2196/11264.","Nikfarjam A","JMIR Public Health Surveill","2019","2019/06/05","PMC6684218","","10.2196/11264"
"28643174","Natural Language Processing for EHR-Based Pharmacovigilance: A Structured Review","Luo Y, Thompson WK, Herr TM, Zeng Z, Berendsen MA, Jonnalagadda SR, Carson MB, Starren J.","Drug Saf. 2017 Nov;40(11):1075-1089. doi: 10.1007/s40264-017-0558-6.","Luo Y","Drug Saf","2017","2017/06/24","","","10.1007/s40264-017-0558-6"
"32890727","Adverse drug event detection using reason assignments in FDA drug labels","Sutphin C, Lee K, Yepes AJ, Uzuner Ö, McInnes BT.","J Biomed Inform. 2020 Oct;110:103552. doi: 10.1016/j.jbi.2020.103552. Epub 2020 Sep 2.","Sutphin C","J Biomed Inform","2020","2020/09/05","","","10.1016/j.jbi.2020.103552"
"19261932","Active computerized pharmacovigilance using natural language processing, statistics, and electronic health records: a feasibility study","Wang X, Hripcsak G, Markatou M, Friedman C.","J Am Med Inform Assoc. 2009 May-Jun;16(3):328-37. doi: 10.1197/jamia.M3028. Epub 2009 Mar 4.","Wang X","J Am Med Inform Assoc","2009","2009/03/06","PMC2732239","","10.1197/jamia.M3028"
"29994486","Natural Language Processing for EHR-Based Computational Phenotyping","Zeng Z, Deng Y, Li X, Naumann T, Luo Y.","IEEE/ACM Trans Comput Biol Bioinform. 2019 Jan-Feb;16(1):139-153. doi: 10.1109/TCBB.2018.2849968. Epub 2018 Jun 25.","Zeng Z","IEEE/ACM Trans Comput Biol Bioinform","2019","2018/07/12","PMC6388621","NIHMS1521147","10.1109/TCBB.2018.2849968"
"26547007","Pharmacovigilance through the development of text mining and natural language processing techniques","Segura-Bedmar I, Martínez P.","J Biomed Inform. 2015 Dec;58:288-291. doi: 10.1016/j.jbi.2015.11.001. Epub 2015 Nov 4.","Segura-Bedmar I","J Biomed Inform","2015","2015/11/08","","","10.1016/j.jbi.2015.11.001"
"31863657","Adverse Drug Reaction Detection in Social Media by Deepm Learning Methods","Rezaei Z, Ebrahimpour-Komleh H, Eslami B, Chavoshinejad R, Totonchi M.","Cell J. 2020 Oct;22(3):319-324. doi: 10.22074/cellj.2020.6615. Epub 2019 Dec 15.","Rezaei Z","Cell J","2020","2019/12/22","PMC6947008","","10.22074/cellj.2020.6615"
"30649737","Detecting Adverse Drug Events with Rapidly Trained Classification Models","Chapman AB, Peterson KS, Alba PR, DuVall SL, Patterson OV.","Drug Saf. 2019 Jan;42(1):147-156. doi: 10.1007/s40264-018-0763-y.","Chapman AB","Drug Saf","2019","2019/01/17","PMC6373386","","10.1007/s40264-018-0763-y"
"32495081","Aggregation and analysis of indication-symptom relationships for drugs approved in the USA","Punyala A, Lankapalli R, Hindman D, Racz R.","Eur J Clin Pharmacol. 2020 Sep;76(9):1291-1299. doi: 10.1007/s00228-020-02898-w. Epub 2020 Jun 3.","Punyala A","Eur J Clin Pharmacol","2020","2020/06/05","PMC7419351","","10.1007/s00228-020-02898-w"
"30591037","Using natural language processing and machine learning to identify breast cancer local recurrence","Zeng Z, Espino S, Roy A, Li X, Khan SA, Clare SE, Jiang X, Neapolitan R, Luo Y.","BMC Bioinformatics. 2018 Dec 28;19(Suppl 17):498. doi: 10.1186/s12859-018-2466-x.","Zeng Z","BMC Bioinformatics","2018","2018/12/29","PMC6309052","","10.1186/s12859-018-2466-x"
"30262450","Extraction and Standardization of Patient Complaints from Electronic Medication Histories for Pharmacovigilance: Natural Language Processing Analysis in Japanese","Usui M, Aramaki E, Iwao T, Wakamiya S, Sakamoto T, Mochizuki M.","JMIR Med Inform. 2018 Sep 27;6(3):e11021. doi: 10.2196/11021.","Usui M","JMIR Med Inform","2018","2018/09/29","PMC6231790","","10.2196/11021"
"32706718","Ontological Organization and Bioinformatic Analysis of Adverse Drug Reactions From Package Inserts: Development and Usability Study","Li X, Lin X, Ren H, Guo J.","J Med Internet Res. 2020 Jul 20;22(7):e20443. doi: 10.2196/20443.","Li X","J Med Internet Res","2020","2020/07/25","PMC7400033","","10.2196/20443"
"29884988","Natural Language Processing and Its Implications for the Future of Medication Safety: A Narrative Review of Recent Advances and Challenges","Wong A, Plasek JM, Montecalvo SP, Zhou L.","Pharmacotherapy. 2018 Aug;38(8):822-841. doi: 10.1002/phar.2151. Epub 2018 Jul 22.","Wong A","Pharmacotherapy","2018","2018/06/10","","","10.1002/phar.2151"
"29860093","Evaluation of Natural Language Processing (NLP) systems to annotate drug product labeling with MedDRA terminology","Ly T, Pamer C, Dang O, Brajovic S, Haider S, Botsis T, Milward D, Winter A, Lu S, Ball R.","J Biomed Inform. 2018 Jul;83:73-86. doi: 10.1016/j.jbi.2018.05.019. Epub 2018 Jun 1.","Ly T","J Biomed Inform","2018","2018/06/04","","","10.1016/j.jbi.2018.05.019"
"31334805","Adverse drug event and medication extraction in electronic health records via a cascading architecture with different sequence labeling models and word embeddings","Dai HJ, Su CH, Wu CS.","J Am Med Inform Assoc. 2020 Jan 1;27(1):47-55. doi: 10.1093/jamia/ocz120.","Dai HJ","J Am Med Inform Assoc","2020","2019/07/24","PMC7489070","","10.1093/jamia/ocz120"
"26518315","A research framework for pharmacovigilance in health social media: Identification and evaluation of patient adverse drug event reports","Liu X, Chen H.","J Biomed Inform. 2015 Dec;58:268-279. doi: 10.1016/j.jbi.2015.10.011. Epub 2015 Oct 27.","Liu X","J Biomed Inform","2015","2015/11/01","","","10.1016/j.jbi.2015.10.011"
"30600484","MADEx: A System for Detecting Medications, Adverse Drug Events, and Their Relations from Clinical Notes","Yang X, Bian J, Gong Y, Hogan WR, Wu Y.","Drug Saf. 2019 Jan;42(1):123-133. doi: 10.1007/s40264-018-0761-0.","Yang X","Drug Saf","2019","2019/01/03","PMC6402874","NIHMS1517699","10.1007/s40264-018-0761-0"
"25954348","Semantic processing to identify adverse drug event information from black box warnings","Culbertson A, Fiszman M, Shin D, Rindflesch TC.","AMIA Annu Symp Proc. 2014 Nov 14;2014:442-8. eCollection 2014.","Culbertson A","AMIA Annu Symp Proc","2014","2015/05/09","PMC4419903","",""
"31034028","Learning to detect and understand drug discontinuation events from clinical narratives","Liu F, Pradhan R, Druhl E, Freund E, Liu W, Sauer BC, Cunningham F, Gordon AJ, Peters CB, Yu H.","J Am Med Inform Assoc. 2019 Oct 1;26(10):943-951. doi: 10.1093/jamia/ocz048.","Liu F","J Am Med Inform Assoc","2019","2019/04/30","PMC6748801","","10.1093/jamia/ocz048"
"31323311","Named entity recognition from Chinese adverse drug event reports with lexical feature based BiLSTM-CRF and tri-training","Chen Y, Zhou C, Li T, Wu H, Zhao X, Ye K, Liao J.","J Biomed Inform. 2019 Aug;96:103252. doi: 10.1016/j.jbi.2019.103252. Epub 2019 Jul 16.","Chen Y","J Biomed Inform","2019","2019/07/20","","","10.1016/j.jbi.2019.103252"
"31160013","Detecting adverse drug reactions in discharge summaries of electronic medical records using Readpeer","Tang Y, Yang J, Ang PS, Dorajoo SR, Foo B, Soh S, Tan SH, Tham MY, Ye Q, Shek L, Sung C, Tung A.","Int J Med Inform. 2019 Aug;128:62-70. doi: 10.1016/j.ijmedinf.2019.04.017. Epub 2019 May 25.","Tang Y","Int J Med Inform","2019","2019/06/05","","","10.1016/j.ijmedinf.2019.04.017"
"33380331","Natural language processing (NLP) tools in extracting biomedical concepts from research articles: a case study on autism spectrum disorder","Peng J, Zhao M, Havrilla J, Liu C, Weng C, Guthrie W, Schultz R, Wang K, Zhou Y.","BMC Med Inform Decis Mak. 2020 Dec 30;20(Suppl 11):322. doi: 10.1186/s12911-020-01352-2.","Peng J","BMC Med Inform Decis Mak","2020","2020/12/31","PMC7772897","","10.1186/s12911-020-01352-2"
"31437951","An Exploratory Study on Pseudo-Data Generation in Prescription and Adverse Drug Reaction Extraction","Tao C, Lee K, Filannino M, Uzuner Ö.","Stud Health Technol Inform. 2019 Aug 21;264:388-392. doi: 10.3233/SHTI190249.","Tao C","Stud Health Technol Inform","2019","2019/08/24","","","10.3233/SHTI190249"
"28634427","Leveraging Food and Drug Administration Adverse Event Reports for the Automated Monitoring of Electronic Health Records in a Pediatric Hospital","Tang H, Solti I, Kirkendall E, Zhai H, Lingren T, Meller J, Ni Y.","Biomed Inform Insights. 2017 Jun 8;9:1178222617713018. doi: 10.1177/1178222617713018. eCollection 2017.","Tang H","Biomed Inform Insights","2017","2017/06/22","PMC5467704","","10.1177/1178222617713018"
"31392844","Comparison of text processing methods in social media-based signal detection","Gavrielov-Yusim N, Kürzinger ML, Nishikawa C, Pan C, Pouget J, Epstein LB, Golant Y, Tcherny-Lessenot S, Lin S, Hamelin B, Juhaeri J.","Pharmacoepidemiol Drug Saf. 2019 Oct;28(10):1309-1317. doi: 10.1002/pds.4857. Epub 2019 Aug 7.","Gavrielov-Yusim N","Pharmacoepidemiol Drug Saf","2019","2019/08/09","","","10.1002/pds.4857"
"31769835","Adverse drug event rates in pediatric pulmonary hypertension: a comparison of real-world data sources","Geva A, Abman SH, Manzi SF, Ivy DD, Mullen MP, Griffin J, Lin C, Savova GK, Mandl KD.","J Am Med Inform Assoc. 2020 Feb 1;27(2):294-300. doi: 10.1093/jamia/ocz194.","Geva A","J Am Med Inform Assoc","2020","2019/11/27","PMC7025334","","10.1093/jamia/ocz194"
"30108606","Prediction of Drug-Gene Interaction by Using Metapath2vec","Zhu S, Bing J, Min X, Lin C, Zeng X.","Front Genet. 2018 Jul 31;9:248. doi: 10.3389/fgene.2018.00248. eCollection 2018.","Zhu S","Front Genet","2018","2018/08/16","PMC6079268","","10.3389/fgene.2018.00248"
"31933240","Adverse Drug Reaction Case Safety Practices in Large Biopharmaceutical Organizations from 2007 to 2017: An Industry Survey","Stergiopoulos S, Fehrle M, Caubel P, Tan L, Jebson L.","Pharmaceut Med. 2019 Dec;33(6):499-510. doi: 10.1007/s40290-019-00307-x.","Stergiopoulos S","Pharmaceut Med","2019","2020/01/15","","","10.1007/s40290-019-00307-x"
"29218888","Identifying natural health product and dietary supplement information within adverse event reporting systems","Sharma V, Sarkar IN.","Pac Symp Biocomput. 2018;23:268-279.","Sharma V","Pac Symp Biocomput","2018","2017/12/09","PMC5725198","NIHMS921856",""
"28130331","MetaMap Lite: an evaluation of a new Java implementation of MetaMap","Demner-Fushman D, Rogers WJ, Aronson AR.","J Am Med Inform Assoc. 2017 Jul 1;24(4):841-844. doi: 10.1093/jamia/ocw177.","Demner-Fushman D","J Am Med Inform Assoc","2017","2017/01/29","PMC6080672","","10.1093/jamia/ocw177"
"31704490","Information on adverse drug reactions-Proof of principle for a structured database that allows customization of drug information","Kusch MKP, Zien A, Hachenberg C, Haefeli WE, Seidling HM.","Int J Med Inform. 2020 Jan;133:103970. doi: 10.1016/j.ijmedinf.2019.103970. Epub 2019 Sep 16.","Kusch MKP","Int J Med Inform","2020","2019/11/10","","","10.1016/j.ijmedinf.2019.103970"
"30938761","An investigation of single-domain and multidomain medication and adverse drug event relation extraction from electronic health record notes using advanced deep learning models","Li F, Yu H.","J Am Med Inform Assoc. 2019 Jul 1;26(7):646-654. doi: 10.1093/jamia/ocz018.","Li F","J Am Med Inform Assoc","2019","2019/04/03","PMC6562161","","10.1093/jamia/ocz018"
"31282932","Ensemble method-based extraction of medication and related information from clinical texts","Kim Y, Meystre SM.","J Am Med Inform Assoc. 2020 Jan 1;27(1):31-38. doi: 10.1093/jamia/ocz100.","Kim Y","J Am Med Inform Assoc","2020","2019/07/09","PMC7489099","","10.1093/jamia/ocz100"
"24559132","A pipeline to extract drug-adverse event pairs from multiple data sources","Yeleswarapu S, Rao A, Joseph T, Saipradeep VG, Srinivasan R.","BMC Med Inform Decis Mak. 2014 Feb 24;14:13. doi: 10.1186/1472-6947-14-13.","Yeleswarapu S","BMC Med Inform Decis Mak","2014","2014/02/25","PMC3936866","","10.1186/1472-6947-14-13"
"27830255","Aspiring to Unintended Consequences of Natural Language Processing: A Review of Recent Developments in Clinical and Consumer-Generated Text Processing","Demner-Fushman D, Elhadad N.","Yearb Med Inform. 2016 Nov 10;(1):224-233. doi: 10.15265/IY-2016-017.","Demner-Fushman D","Yearb Med Inform","2016","2016/11/11","PMC5171557","","10.15265/IY-2016-017"
"25817970","Cadec: A corpus of adverse drug event annotations","Karimi S, Metke-Jimenez A, Kemp M, Wang C.","J Biomed Inform. 2015 Jun;55:73-81. doi: 10.1016/j.jbi.2015.03.010. Epub 2015 Mar 27.","Karimi S","J Biomed Inform","2015","2015/03/31","","","10.1016/j.jbi.2015.03.010"
"23475786","Extracting drug indication information from structured product labels using natural language processing","Fung KW, Jao CS, Demner-Fushman D.","J Am Med Inform Assoc. 2013 May 1;20(3):482-8. doi: 10.1136/amiajnl-2012-001291. Epub 2013 Mar 9.","Fung KW","J Am Med Inform Assoc","2013","2013/03/12","PMC3628062","","10.1136/amiajnl-2012-001291"
"29090077","Distant Supervision with Transductive Learning for Adverse Drug Reaction Identification from Electronic Medical Records","Taewijit S, Theeramunkong T, Ikeda M.","J Healthc Eng. 2017;2017:7575280. doi: 10.1155/2017/7575280. Epub 2017 Sep 26.","Taewijit S","J Healthc Eng","2017","2017/11/02","PMC5635478","","10.1155/2017/7575280"
"31066711","The Adverse Drug Reactions From Patient Reports in Social Media Project: Protocol for an Evaluation Against a Gold Standard","Arnoux-Guenegou A, Girardeau Y, Chen X, Deldossi M, Aboukhamis R, Faviez C, Dahamna B, Karapetiantz P, Guillemin-Lanne S, Lillo-Le Louët A, Texier N, Burgun A, Katsahian S.","JMIR Res Protoc. 2019 May 7;8(5):e11448. doi: 10.2196/11448.","Arnoux-Guenegou A","JMIR Res Protoc","2019","2019/05/09","PMC6528435","","10.2196/11448"
"27444186","Use of ""off-the-shelf"" information extraction algorithms in clinical informatics: A feasibility study of MetaMap annotation of Italian medical notes","Chiaramello E, Pinciroli F, Bonalumi A, Caroli A, Tognola G.","J Biomed Inform. 2016 Oct;63:22-32. doi: 10.1016/j.jbi.2016.07.017. Epub 2016 Jul 18.","Chiaramello E","J Biomed Inform","2016","2016/07/23","","","10.1016/j.jbi.2016.07.017"
"32570374","Emerging Concepts and Applied Machine Learning Research in Patients with Drug-Induced Repolarization Disorders","Bjelogrlic M, Robert A, Miribel A, Namdar M, Gencer B, Lovis C, Girardin F.","Stud Health Technol Inform. 2020 Jun 16;270:198-202. doi: 10.3233/SHTI200150.","Bjelogrlic M","Stud Health Technol Inform","2020","2020/06/24","","","10.3233/SHTI200150"
"25600332","Automatically Recognizing Medication and Adverse Event Information From Food and Drug Administration's Adverse Event Reporting System Narratives","Polepalli Ramesh B, Belknap SM, Li Z, Frid N, West DP, Yu H.","JMIR Med Inform. 2014 Jun 27;2(1):e10. doi: 10.2196/medinform.3022.","Polepalli Ramesh B","JMIR Med Inform","2014","2015/01/21","PMC4288072","","10.2196/medinform.3022"
"31896797","PGxCorpus, a manually annotated corpus for pharmacogenomics","Legrand J, Gogdemir R, Bousquet C, Dalleau K, Devignes MD, Digan W, Lee CJ, Ndiaye NC, Petitpain N, Ringot P, Smaïl-Tabbone M, Toussaint Y, Coulet A.","Sci Data. 2020 Jan 2;7(1):3. doi: 10.1038/s41597-019-0342-9.","Legrand J","Sci Data","2020","2020/01/04","PMC6940385","","10.1038/s41597-019-0342-9"
"29854133","Hybrid Semantic Analysis for Mapping Adverse Drug Reaction Mentions in Tweets to Medical Terminology","Emadzadeh E, Sarker A, Nikfarjam A, Gonzalez G.","AMIA Annu Symp Proc. 2018 Apr 16;2017:679-688. eCollection 2017.","Emadzadeh E","AMIA Annu Symp Proc","2018","2018/06/02","PMC5977584","",""
"31135882","A study of deep learning approaches for medication and adverse drug event extraction from clinical text","Wei Q, Ji Z, Li Z, Du J, Wang J, Xu J, Xiang Y, Tiryaki F, Wu S, Zhang Y, Tao C, Xu H.","J Am Med Inform Assoc. 2020 Jan 1;27(1):13-21. doi: 10.1093/jamia/ocz063.","Wei Q","J Am Med Inform Assoc","2020","2019/05/29","PMC6913210","","10.1093/jamia/ocz063"
"31627020","RedMed: Extending drug lexicons for social media applications","Lavertu A, Altman RB.","J Biomed Inform. 2019 Nov;99:103307. doi: 10.1016/j.jbi.2019.103307. Epub 2019 Oct 15.","Lavertu A","J Biomed Inform","2019","2019/10/19","PMC6874884","NIHMS1542315","10.1016/j.jbi.2019.103307"
"25157320","Standardizing adverse drug event reporting data","Wang L, Jiang G, Li D, Liu H.","J Biomed Semantics. 2014 Aug 12;5:36. doi: 10.1186/2041-1480-5-36. eCollection 2014.","Wang L","J Biomed Semantics","2014","2014/08/27","PMC4142531","","10.1186/2041-1480-5-36"
"32604599","Semiautomated Approach for Muscle Weakness Detection in Clinical Texts","Danilov G, Shifrin M, Strunina Y, Kotik K, Tsukanova T, Pronkina T, Ishankulov T, Makashova E, Kosyrkova A, Melchenko S, Zagidullin T, Potapov A.","Stud Health Technol Inform. 2020 Jun 26;272:55-58. doi: 10.3233/SHTI200492.","Danilov G","Stud Health Technol Inform","2020","2020/07/02","","","10.3233/SHTI200492"
"29500013","Applying natural language processing techniques to develop a task-specific EMR interface for timely stroke thrombolysis: A feasibility study","Sung SF, Chen K, Wu DP, Hung LC, Su YH, Hu YH.","Int J Med Inform. 2018 Apr;112:149-157. doi: 10.1016/j.ijmedinf.2018.02.005. Epub 2018 Feb 8.","Sung SF","Int J Med Inform","2018","2018/03/04","","","10.1016/j.ijmedinf.2018.02.005"
"23043124","Using rule-based natural language processing to improve disease normalization in biomedical text","Kang N, Singh B, Afzal Z, van Mulligen EM, Kors JA.","J Am Med Inform Assoc. 2013 Sep-Oct;20(5):876-81. doi: 10.1136/amiajnl-2012-001173. Epub 2012 Oct 6.","Kang N","J Am Med Inform Assoc","2013","2012/10/09","PMC3756254","","10.1136/amiajnl-2012-001173"
"33333368","Adverse Drug Reaction extraction: Tolerance to entity recognition errors and sub-domain variants","Santiso S, Pérez A, Casillas A.","Comput Methods Programs Biomed. 2021 Feb;199:105891. doi: 10.1016/j.cmpb.2020.105891. Epub 2020 Dec 5.","Santiso S","Comput Methods Programs Biomed","2021","2020/12/17","","","10.1016/j.cmpb.2020.105891"
"30255810","Comparison of MetaMap and cTAKES for entity extraction in clinical notes","Reátegui R, Ratté S.","BMC Med Inform Decis Mak. 2018 Sep 14;18(Suppl 3):74. doi: 10.1186/s12911-018-0654-2.","Reátegui R","BMC Med Inform Decis Mak","2018","2018/09/27","PMC6157281","","10.1186/s12911-018-0654-2"
"28447098","Application of Natural Language Processing and Network Analysis Techniques to Post-market Reports for the Evaluation of Dose-related Anti-Thymocyte Globulin Safety Patterns","Botsis T, Foster M, Arya N, Kreimeyer K, Pandey A, Arya D.","Appl Clin Inform. 2017 Apr 26;8(2):396-411. doi: 10.4338/ACI-2016-10-RA-0169.","Botsis T","Appl Clin Inform","2017","2017/04/28","PMC6241747","","10.4338/ACI-2016-10-RA-0169"
"32477654","Normalizing Adverse Events using Recurrent Neural Networks with Attention","Lee K, Uzuner Ö.","AMIA Jt Summits Transl Sci Proc. 2020 May 30;2020:345-354. eCollection 2020.","Lee K","AMIA Jt Summits Transl Sci Proc","2020","2020/06/02","PMC7233057","",""
"31197355","An ensemble of neural models for nested adverse drug events and medication extraction with subwords","Ju M, Nguyen NTH, Miwa M, Ananiadou S.","J Am Med Inform Assoc. 2020 Jan 1;27(1):22-30. doi: 10.1093/jamia/ocz075.","Ju M","J Am Med Inform Assoc","2020","2019/06/15","PMC6913208","","10.1093/jamia/ocz075"
"25046831","Identifying plausible adverse drug reactions using knowledge extracted from the literature","Shang N, Xu H, Rindflesch TC, Cohen T.","J Biomed Inform. 2014 Dec;52:293-310. doi: 10.1016/j.jbi.2014.07.011. Epub 2014 Jul 19.","Shang N","J Biomed Inform","2014","2014/07/22","PMC4261011","NIHMS615529","10.1016/j.jbi.2014.07.011"
"18999130","Natural language processing to identify adverse drug events","Gysbers M, Reichley R, Kilbridge PM, Noirot L, Nagarajan R, Dunagan WC, Bailey TC.","AMIA Annu Symp Proc. 2008 Nov 6:961.","Gysbers M","AMIA Annu Symp Proc","2008","2008/11/13","","",""
"30467557","UArizona at the MADE1.0 NLP Challenge","Xu D, Yadav V, Bethard S.","Proc Mach Learn Res. 2018 May;90:57-65.","Xu D","Proc Mach Learn Res","2018","2018/11/24","PMC6245580","NIHMS995640",""
"31437964","A Proficient Spelling Analysis Method Applied to a Pharmacovigilance Task","Workman TE, Divita G, Shao Y, Zeng-Treitler Q.","Stud Health Technol Inform. 2019 Aug 21;264:452-456. doi: 10.3233/SHTI190262.","Workman TE","Stud Health Technol Inform","2019","2019/08/24","","","10.3233/SHTI190262"
"29222076","Adverse Drug Event Discovery Using Biomedical Literature: A Big Data Neural Network Adventure","P Tafti A, Badger J, LaRose E, Shirzadi E, Mahnke A, Mayer J, Ye Z, Page D, Peissig P.","JMIR Med Inform. 2017 Dec 8;5(4):e51. doi: 10.2196/medinform.9170.","P Tafti A","JMIR Med Inform","2017","2017/12/10","PMC5741828","","10.2196/medinform.9170"
"32641159","Neural side effect discovery from user credibility and experience-assessed online health discussions","Nguyen VH, Sugiyama K, Kan MY, Halder K.","J Biomed Semantics. 2020 Jul 8;11(1):5. doi: 10.1186/s13326-020-00221-1.","Nguyen VH","J Biomed Semantics","2020","2020/07/10","PMC7341623","","10.1186/s13326-020-00221-1"
"30157522","Advancing the State of the Art in Clinical Natural Language Processing through Shared Tasks","Filannino M, Uzuner Ö.","Yearb Med Inform. 2018 Aug;27(1):184-192. doi: 10.1055/s-0038-1667079. Epub 2018 Aug 29.","Filannino M","Yearb Med Inform","2018","2018/08/30","PMC6115235","","10.1055/s-0038-1667079"
"33292570","Towards a symbiotic relationship between big data, artificial intelligence, and hospital pharmacy","Del Rio-Bermudez C, Medrano IH, Yebes L, Poveda JL.","J Pharm Policy Pract. 2020 Nov 9;13(1):75. doi: 10.1186/s40545-020-00276-6.","Del Rio-Bermudez C","J Pharm Policy Pract","2020","2020/12/09","PMC7650184","","10.1186/s40545-020-00276-6"
"28468748","TwiMed: Twitter and PubMed Comparable Corpus of Drugs, Diseases, Symptoms, and Their Relations","Alvaro N, Miyao Y, Collier N.","JMIR Public Health Surveill. 2017 May 3;3(2):e24. doi: 10.2196/publichealth.6396.","Alvaro N","JMIR Public Health Surveill","2017","2017/05/05","PMC5438461","","10.2196/publichealth.6396"
"29981491","From narrative descriptions to MedDRA: automagically encoding adverse drug reactions","Combi C, Zorzi M, Pozzani G, Moretti U, Arzenton E.","J Biomed Inform. 2018 Aug;84:184-199. doi: 10.1016/j.jbi.2018.07.001. Epub 2018 Jul 4.","Combi C","J Biomed Inform","2018","2018/07/08","","","10.1016/j.jbi.2018.07.001"
"15802475","Automated detection of adverse events using natural language processing of discharge summaries","Melton GB, Hripcsak G.","J Am Med Inform Assoc. 2005 Jul-Aug;12(4):448-57. doi: 10.1197/jamia.M1794. Epub 2005 Mar 31.","Melton GB","J Am Med Inform Assoc","2005","2005/04/02","PMC1174890","","10.1197/jamia.M1794"
"26776221","SOCIAL MEDIA MINING SHARED TASK WORKSHOP","Sarker A, Nikfarjam A, Gonzalez G.","Pac Symp Biocomput. 2016;21:581-92.","Sarker A","Pac Symp Biocomput","2016","2016/01/19","","",""
"29881351","Mining Patients' Narratives in Social Media for Pharmacovigilance: Adverse Effects and Misuse of Methylphenidate","Chen X, Faviez C, Schuck S, Lillo-Le-Louët A, Texier N, Dahamna B, Huot C, Foulquié P, Pereira S, Leroux V, Karapetiantz P, Guenegou-Arnoux A, Katsahian S, Bousquet C, Burgun A.","Front Pharmacol. 2018 May 24;9:541. doi: 10.3389/fphar.2018.00541. eCollection 2018.","Chen X","Front Pharmacol","2018","2018/06/09","PMC5978246","","10.3389/fphar.2018.00541"
"32569327","FasTag: Automatic text classification of unstructured medical narratives","Venkataraman GR, Pineda AL, Bear Don't Walk Iv OJ, Zehnder AM, Ayyar S, Page RL, Bustamante CD, Rivas MA.","PLoS One. 2020 Jun 22;15(6):e0234647. doi: 10.1371/journal.pone.0234647. eCollection 2020.","Venkataraman GR","PLoS One","2020","2020/06/23","PMC7307763","","10.1371/journal.pone.0234647"
"32308902","Leveraging Contextual Information in Extracting Long Distance Relations from Clinical Notes","Guan H, Devarakonda M.","AMIA Annu Symp Proc. 2020 Mar 4;2019:1051-1060. eCollection 2019.","Guan H","AMIA Annu Symp Proc","2020","2020/04/21","PMC7153124","",""
"28605776","Exploring convolutional neural networks for drug-drug interaction extraction","Suárez-Paniagua V, Segura-Bedmar I, Martínez P.","Database (Oxford). 2017 Jan 1;2017:bax019. doi: 10.1093/database/bax019.","Suárez-Paniagua V","Database (Oxford)","2017","2017/06/13","PMC5467573","","10.1093/database/bax019"
"29123330","Markov Logic Networks for Adverse Drug Event Extraction from Text","Natarajan S, Bangera V, Khot T, Picado J, Wazalwar A, Costa VS, Page D, Caldwell M.","Knowl Inf Syst. 2017 May;51(2):435-457. doi: 10.1007/s10115-016-0980-6. Epub 2016 Aug 8.","Natarajan S","Knowl Inf Syst","2017","2017/11/11","PMC5673137","NIHMS809163","10.1007/s10115-016-0980-6"
"28935617","The Adverse Drug Reactions from Patient Reports in Social Media Project: Five Major Challenges to Overcome to Operationalize Analysis and Efficiently Support Pharmacovigilance Process","Bousquet C, Dahamna B, Guillemin-Lanne S, Darmoni SJ, Faviez C, Huot C, Katsahian S, Leroux V, Pereira S, Richard C, Schück S, Souvignet J, Lillo-Le Louët A, Texier N.","JMIR Res Protoc. 2017 Sep 21;6(9):e179. doi: 10.2196/resprot.6463.","Bousquet C","JMIR Res Protoc","2017","2017/09/23","PMC5629348","","10.2196/resprot.6463"
"31516126","Fine-Tuning Bidirectional Encoder Representations From Transformers (BERT)-Based Models on Large-Scale Electronic Health Record Notes: An Empirical Study","Li F, Jin Y, Liu W, Rawat BPS, Cai P, Yu H.","JMIR Med Inform. 2019 Sep 12;7(3):e14830. doi: 10.2196/14830.","Li F","JMIR Med Inform","2019","2019/09/14","PMC6746103","","10.2196/14830"
"31562510","Deep neural networks ensemble for detecting medication mentions in tweets","Weissenbacher D, Sarker A, Klein A, O'Connor K, Magge A, Gonzalez-Hernandez G.","J Am Med Inform Assoc. 2019 Dec 1;26(12):1618-1626. doi: 10.1093/jamia/ocz156.","Weissenbacher D","J Am Med Inform Assoc","2019","2019/09/29","PMC6857507","","10.1093/jamia/ocz156"
"23223678","A proof of concept for assessing emergency room use with primary care data and natural language processing","St-Maurice J, Kuo MH, Gooch P.","Methods Inf Med. 2013;52(1):33-42. doi: 10.3414/ME12-01-0012. Epub 2012 Dec 7.","St-Maurice J","Methods Inf Med","2013","2012/12/11","","","10.3414/ME12-01-0012"
"12595401","Detecting adverse events using information technology","Bates DW, Evans RS, Murff H, Stetson PD, Pizziferri L, Hripcsak G.","J Am Med Inform Assoc. 2003 Mar-Apr;10(2):115-28. doi: 10.1197/jamia.m1074.","Bates DW","J Am Med Inform Assoc","2003","2003/02/22","PMC150365","","10.1197/jamia.m1074"
"25160156","Adverse drug event notification on a semantic interoperability framework","Krahn T, Eichelberg M, Müller F, Gönül S, Laleci Erturkmen GB, Sinaci AA, Appelrath HJ.","Stud Health Technol Inform. 2014;205:111-5.","Krahn T","Stud Health Technol Inform","2014","2014/08/28","","",""
"30802545","MCN: A comprehensive corpus for medical concept normalization","Luo YF, Sun W, Rumshisky A.","J Biomed Inform. 2019 Apr;92:103132. doi: 10.1016/j.jbi.2019.103132. Epub 2019 Feb 22.","Luo YF","J Biomed Inform","2019","2019/02/26","","","10.1016/j.jbi.2019.103132"
"28269895","Using Natural Language Processing and Network Analysis to Develop a Conceptual Framework for Medication Therapy Management Research","Ogallo W, Kanter AS.","AMIA Annu Symp Proc. 2017 Feb 10;2016:984-993. eCollection 2016.","Ogallo W","AMIA Annu Symp Proc","2017","2017/03/09","PMC5333323","",""
"14728229","A study of biomedical concept identification: MetaMap vs. people","Pratt W, Yetisgen-Yildiz M.","AMIA Annu Symp Proc. 2003;2003:529-33.","Pratt W","AMIA Annu Symp Proc","2003","2004/01/20","PMC1479976","",""
"24551335","Semantic processing to identify adverse drug event information from black box warnings","Culbertson A, Fiszman M, Shin D, Rindflesch TC.","AMIA Annu Symp Proc. 2013 Nov 16;2013:266. eCollection 2013.","Culbertson A","AMIA Annu Symp Proc","2013","2014/02/20","PMC3900176","",""
"31200909","An adverse drug effect mentions extraction method based on weighted online recurrent extreme learning machine","El-Allaly ED, Sarrouti M, En-Nahnahi N, Ouatik El Alaoui S.","Comput Methods Programs Biomed. 2019 Jul;176:33-41. doi: 10.1016/j.cmpb.2019.04.029. Epub 2019 Apr 30.","El-Allaly ED","Comput Methods Programs Biomed","2019","2019/06/16","","","10.1016/j.cmpb.2019.04.029"
"25954351","Sophia: A Expedient UMLS Concept Extraction Annotator","Divita G, Zeng QT, Gundlapalli AV, Duvall S, Nebeker J, Samore MH.","AMIA Annu Symp Proc. 2014 Nov 14;2014:467-76. eCollection 2014.","Divita G","AMIA Annu Symp Proc","2014","2015/05/09","PMC4420011","",""
"22195188","Structured vs. unstructured: factors affecting adverse drug reaction documentation in an EMR repository","Skentzos S, Shubina M, Plutzky J, Turchin A.","AMIA Annu Symp Proc. 2011;2011:1270-9. Epub 2011 Oct 22.","Skentzos S","AMIA Annu Symp Proc","2011","2011/12/24","PMC3243255","",""
"31437885","Initial Experiments for Pharmacovigilance Analysis in Social Media Using Summaries of Product Characteristics","Campillos-Llanos L, Grouin C, Lillo-Le Louët A, Zweigenbaum P.","Stud Health Technol Inform. 2019 Aug 21;264:60-64. doi: 10.3233/SHTI190183.","Campillos-Llanos L","Stud Health Technol Inform","2019","2019/08/24","","","10.3233/SHTI190183"
"25123728","""Big data"" and the electronic health record","Ross MK, Wei W, Ohno-Machado L.","Yearb Med Inform. 2014 Aug 15;9(1):97-104. doi: 10.15265/IY-2014-0003.","Ross MK","Yearb Med Inform","2014","2014/08/16","PMC4287068","","10.15265/IY-2014-0003"
"20179584","Clinical data mining and research in the allergy office","Dalan D.","Curr Opin Allergy Clin Immunol. 2010 Jun;10(3):171-7. doi: 10.1097/ACI.0b013e328337bce6.","Dalan D","Curr Opin Allergy Clin Immunol","2010","2010/02/25","","","10.1097/ACI.0b013e328337bce6"
"32448248","Implementation and comparison of two text mining methods with a standard pharmacovigilance method for signal detection of medication errors","Eskildsen NK, Eriksson R, Christensen SB, Aghassipour TS, Bygsø MJ, Brunak S, Hansen SL.","BMC Med Inform Decis Mak. 2020 May 24;20(1):94. doi: 10.1186/s12911-020-1097-0.","Eskildsen NK","BMC Med Inform Decis Mak","2020","2020/05/26","PMC7245808","","10.1186/s12911-020-1097-0"
"28786378","Reverse translation of adverse event reports paves the way for de-risking preclinical off-targets","Maciejewski M, Lounkine E, Whitebread S, Farmer P, DuMouchel W, Shoichet BK, Urban L.","Elife. 2017 Aug 8;6:e25818. doi: 10.7554/eLife.25818.","Maciejewski M","Elife","2017","2017/08/09","PMC5548487","","10.7554/eLife.25818"
"28339747","Deep learning for pharmacovigilance: recurrent neural network architectures for labeling adverse drug reactions in Twitter posts","Cocos A, Fiks AG, Masino AJ.","J Am Med Inform Assoc. 2017 Jul 1;24(4):813-821. doi: 10.1093/jamia/ocw180.","Cocos A","J Am Med Inform Assoc","2017","2017/03/25","PMC7651964","","10.1093/jamia/ocw180"
"30917789","Linking entities through an ontology using word embeddings and syntactic re-ranking","Karadeniz İ, Özgür A.","BMC Bioinformatics. 2019 Mar 27;20(1):156. doi: 10.1186/s12859-019-2678-8.","Karadeniz İ","BMC Bioinformatics","2019","2019/03/29","PMC6437991","","10.1186/s12859-019-2678-8"
"25991101","Exploring brand-name drug mentions on Twitter for pharmacovigilance","Carbonell P, Mayer MA, Bravo À.","Stud Health Technol Inform. 2015;210:55-9.","Carbonell P","Stud Health Technol Inform","2015","2015/05/21","","",""
"25451103","Portable automatic text classification for adverse drug reaction detection via multi-corpus training","Sarker A, Gonzalez G.","J Biomed Inform. 2015 Feb;53:196-207. doi: 10.1016/j.jbi.2014.11.002. Epub 2014 Nov 8.","Sarker A","J Biomed Inform","2015","2014/12/03","PMC4355323","NIHMS643323","10.1016/j.jbi.2014.11.002"
"26323337","Automatically Detecting Failures in Natural Language Processing Tools for Online Community Text","Park A, Hartzler AL, Huh J, McDonald DW, Pratt W.","J Med Internet Res. 2015 Aug 31;17(8):e212. doi: 10.2196/jmir.4612.","Park A","J Med Internet Res","2015","2015/09/02","PMC4642409","","10.2196/jmir.4612"
"29968609","Structuring Clinical Decision Support Rules for Drug Safety Using Natural Language Processing","Despotou G, Korkontzelos I, Matragkas N, Bilici E, Arvanitis TN.","Stud Health Technol Inform. 2018;251:89-92.","Despotou G","Stud Health Technol Inform","2018","2018/07/04","","",""
"32818665","Comparing deep learning architectures for sentiment analysis on drug reviews","Colón-Ruiz C, Segura-Bedmar I.","J Biomed Inform. 2020 Oct;110:103539. doi: 10.1016/j.jbi.2020.103539. Epub 2020 Aug 17.","Colón-Ruiz C","J Biomed Inform","2020","2020/08/21","","","10.1016/j.jbi.2020.103539"
"29186491","CLAMP - a toolkit for efficiently building customized clinical natural language processing pipelines","Soysal E, Wang J, Jiang M, Wu Y, Pakhomov S, Liu H, Xu H.","J Am Med Inform Assoc. 2018 Mar 1;25(3):331-336. doi: 10.1093/jamia/ocx132.","Soysal E","J Am Med Inform Assoc","2018","2017/11/30","PMC7378877","","10.1093/jamia/ocx132"
"15360860","Identifying respiratory findings in emergency department reports for biosurveillance using MetaMap","Chapman WW, Fiszman M, Dowling JN, Chapman BE, Rindflesch TC.","Stud Health Technol Inform. 2004;107(Pt 1):487-91.","Chapman WW","Stud Health Technol Inform","2004","2004/09/14","","",""
"30066648","Using natural language processing methods to classify use status of dietary supplements in clinical notes","Fan Y, Zhang R.","BMC Med Inform Decis Mak. 2018 Jul 23;18(Suppl 2):51. doi: 10.1186/s12911-018-0626-6.","Fan Y","BMC Med Inform Decis Mak","2018","2018/08/02","PMC6069512","","10.1186/s12911-018-0626-6"
"29880244","Generation of an annotated reference standard for vaccine adverse event reports","Foster M, Pandey A, Kreimeyer K, Botsis T.","Vaccine. 2018 Jul 5;36(29):4325-4330. doi: 10.1016/j.vaccine.2018.05.079. Epub 2018 Jun 5.","Foster M","Vaccine","2018","2018/06/09","","","10.1016/j.vaccine.2018.05.079"
"30131701","Detecting Pharmacovigilance Signals Combining Electronic Medical Records With Spontaneous Reports: A Case Study of Conventional Disease-Modifying Antirheumatic Drugs for Rheumatoid Arthritis","Wang L, Rastegar-Mojarad M, Ji Z, Liu S, Liu K, Moon S, Shen F, Wang Y, Yao L, Davis Iii JM, Liu H.","Front Pharmacol. 2018 Aug 7;9:875. doi: 10.3389/fphar.2018.00875. eCollection 2018.","Wang L","Front Pharmacol","2018","2018/08/23","PMC6090179","","10.3389/fphar.2018.00875"
"28293864","Using Probabilistic Record Linkage of Structured and Unstructured Data to Identify Duplicate Cases in Spontaneous Adverse Event Reporting Systems","Kreimeyer K, Menschik D, Winiecki S, Paul W, Barash F, Woo EJ, Alimchandani M, Arya D, Zinderman C, Forshee R, Botsis T.","Drug Saf. 2017 Jul;40(7):571-582. doi: 10.1007/s40264-017-0523-4.","Kreimeyer K","Drug Saf","2017","2017/03/16","","","10.1007/s40264-017-0523-4"
"28552401","RysannMD: A biomedical semantic annotator balancing speed and accuracy","Cuzzola J, Jovanović J, Bagheri E.","J Biomed Inform. 2017 Jul;71:91-109. doi: 10.1016/j.jbi.2017.05.016. Epub 2017 May 26.","Cuzzola J","J Biomed Inform","2017","2017/05/30","","","10.1016/j.jbi.2017.05.016"
"22713699","Detection of pharmacovigilance-related adverse events using electronic health records and automated methods","Haerian K, Varn D, Vaidya S, Ena L, Chase HS, Friedman C.","Clin Pharmacol Ther. 2012 Aug;92(2):228-34. doi: 10.1038/clpt.2012.54. Epub 2012 Jun 20.","Haerian K","Clin Pharmacol Ther","2012","2012/06/21","PMC3685297","NIHMS471630","10.1038/clpt.2012.54"
"32459650","Extraction of Information Related to Drug Safety Surveillance From Electronic Health Record Notes: Joint Modeling of Entities and Relations Using Knowledge-Aware Neural Attentive Models","Dandala B, Joopudi V, Tsou CH, Liang JJ, Suryanarayanan P.","JMIR Med Inform. 2020 Jul 10;8(7):e18417. doi: 10.2196/18417.","Dandala B","JMIR Med Inform","2020","2020/05/28","PMC7382020","","10.2196/18417"
"25755127","Pharmacovigilance from social media: mining adverse drug reaction mentions using sequence labeling with word embedding cluster features","Nikfarjam A, Sarker A, O'Connor K, Ginn R, Gonzalez G.","J Am Med Inform Assoc. 2015 May;22(3):671-81. doi: 10.1093/jamia/ocu041. Epub 2015 Mar 9.","Nikfarjam A","J Am Med Inform Assoc","2015","2015/03/11","PMC4457113","","10.1093/jamia/ocu041"
"30735140","Detection of Bleeding Events in Electronic Health Record Notes Using Convolutional Neural Network Models Enhanced With Recurrent Neural Network Autoencoders: Deep Learning Approach","Li R, Hu B, Liu F, Liu W, Cunningham F, McManus DD, Yu H.","JMIR Med Inform. 2019 Feb 8;7(1):e10788. doi: 10.2196/10788.","Li R","JMIR Med Inform","2019","2019/02/09","PMC6384542","","10.2196/10788"
"24788270","Role of text mining in early identification of potential drug safety issues","Liu M, Hu Y, Tang B.","Methods Mol Biol. 2014;1159:227-51. doi: 10.1007/978-1-4939-0709-0_13.","Liu M","Methods Mol Biol","2014","2014/05/03","","","10.1007/978-1-4939-0709-0_13"
"30478023","Extraction of Information Related to Adverse Drug Events from Electronic Health Record Notes: Design of an End-to-End Model Based on Deep Learning","Li F, Liu W, Yu H.","JMIR Med Inform. 2018 Nov 26;6(4):e12159. doi: 10.2196/12159.","Li F","JMIR Med Inform","2018","2018/11/28","PMC6288593","","10.2196/12159"
"30059326","Normalizing Spontaneous Reports Into MedDRA: Some Experiments With MagiCoder","Combi C, Zorzi M, Pozzani G, Arzenton E, Moretti U.","IEEE J Biomed Health Inform. 2019 Jan;23(1):95-102. doi: 10.1109/JBHI.2018.2861213. Epub 2018 Jul 30.","Combi C","IEEE J Biomed Health Inform","2019","2018/07/31","","","10.1109/JBHI.2018.2861213"
"27477839","Decision support environment for medical product safety surveillance","Botsis T, Jankosky C, Arya D, Kreimeyer K, Foster M, Pandey A, Wang W, Zhang G, Forshee R, Goud R, Menschik D, Walderhaug M, Woo EJ, Scott J.","J Biomed Inform. 2016 Dec;64:354-362. doi: 10.1016/j.jbi.2016.07.023. Epub 2016 Jul 28.","Botsis T","J Biomed Inform","2016","2016/08/02","","","10.1016/j.jbi.2016.07.023"
"23617267","Mining FDA drug labels for medical conditions","Li Q, Deleger L, Lingren T, Zhai H, Kaiser M, Stoutenborough L, Jegga AG, Cohen KB, Solti I.","BMC Med Inform Decis Mak. 2013 Apr 24;13:53. doi: 10.1186/1472-6947-13-53.","Li Q","BMC Med Inform Decis Mak","2013","2013/04/27","PMC3646673","","10.1186/1472-6947-13-53"
"23042584","Consistency in the safety labeling of bioequivalent medications","Duke J, Friedlin J, Li X.","Pharmacoepidemiol Drug Saf. 2013 Mar;22(3):294-301. doi: 10.1002/pds.3351. Epub 2012 Oct 8.","Duke J","Pharmacoepidemiol Drug Saf","2013","2012/10/09","","","10.1002/pds.3351"
"28664200","An Ontology-Enabled Natural Language Processing Pipeline for Provenance Metadata Extraction from Biomedical Text (Short Paper)","Valdez J, Rueschman M, Kim M, Redline S, Sahoo SS.","On Move Meaningful Internet Syst. 2016 Oct;10033:699-708. doi: 10.1007/978-3-319-48472-3_43. Epub 2016 Oct 18.","Valdez J","On Move Meaningful Internet Syst","2016","2017/07/01","PMC5486409","NIHMS861936","10.1007/978-3-319-48472-3_43"
"20841741","Documentation in pharmacovigilance: using an ontology to extend and normalize Pubmed queries","Delamarre D, Lillo-Le Louët A, Guillot L, Jamet A, Sadou E, Ouazine T, Burgun A, Jaulent MC.","Stud Health Technol Inform. 2010;160(Pt 1):518-22.","Delamarre D","Stud Health Technol Inform","2010","2010/09/16","","",""
"30010902","Learning predictive models of drug side-effect relationships from distributed representations of literature-derived semantic predications","Mower J, Subramanian D, Cohen T.","J Am Med Inform Assoc. 2018 Oct 1;25(10):1339-1350. doi: 10.1093/jamia/ocy077.","Mower J","J Am Med Inform Assoc","2018","2018/07/17","PMC6454491","","10.1093/jamia/ocy077"
"28967001","Towards Large-scale Twitter Mining for Drug-related Adverse Events","Bian J, Topaloglu U, Yu F.","SHB12 (2012). 2012 Oct 29;2012:25-32. doi: 10.1145/2389707.2389713.","Bian J","SHB12 (2012)","2012","2017/10/03","PMC5619871","NIHMS893367","10.1145/2389707.2389713"
"18998982","Semantic categories and relations for modelling adverse drug reactions towards a categorial structure for pharmacovigilance","Bousquet C, Trombert B, Kumar A, Rodrigues JM.","AMIA Annu Symp Proc. 2008 Nov 6;2008:61-5.","Bousquet C","AMIA Annu Symp Proc","2008","2008/11/13","PMC2656068","",""
"31778117","Patient-Reported Outcomes in Online Communications on Statins, Memory, and Cognition: Qualitative Analysis Using Online Communities","Timimi F, Ray S, Jones E, Aase L, Hoffman K.","J Med Internet Res. 2019 Nov 28;21(11):e14809. doi: 10.2196/14809.","Timimi F","J Med Internet Res","2019","2019/11/29","PMC6908973","","10.2196/14809"
"18314582","Mining biomedical data using MetaMap Transfer (MMtx) and the Unified Medical Language System (UMLS)","Osborne JD, Lin S, Zhu L, Kibbe WA.","Methods Mol Biol. 2007;408:153-69. doi: 10.1007/978-1-59745-547-3_9.","Osborne JD","Methods Mol Biol","2007","2008/03/05","","","10.1007/978-1-59745-547-3_9"
"29177027","Combination of Deep Recurrent Neural Networks and Conditional Random Fields for Extracting Adverse Drug Reactions from User Reviews","Tutubalina E, Nikolenko S.","J Healthc Eng. 2017;2017:9451342. doi: 10.1155/2017/9451342. Epub 2017 Sep 5.","Tutubalina E","J Healthc Eng","2017","2017/11/28","PMC5605929","","10.1155/2017/9451342"
"31301375","A disease inference method based on symptom extraction and bidirectional Long Short Term Memory networks","Guo D, Duan G, Yu Y, Li Y, Wu FX, Li M.","Methods. 2020 Feb 15;173:75-82. doi: 10.1016/j.ymeth.2019.07.009. Epub 2019 Jul 10.","Guo D","Methods","2020","2019/07/14","","","10.1016/j.ymeth.2019.07.009"
"29121053","ADEPt, a semantically-enriched pipeline for extracting adverse drug events from free-text electronic health records","Iqbal E, Mallah R, Rhodes D, Wu H, Romero A, Chang N, Dzahini O, Pandey C, Broadbent M, Stewart R, Dobson RJB, Ibrahim ZM.","PLoS One. 2017 Nov 9;12(11):e0187121. doi: 10.1371/journal.pone.0187121. eCollection 2017.","Iqbal E","PLoS One","2017","2017/11/10","PMC5679515","","10.1371/journal.pone.0187121"
"27026618","Efficient identification of nationally mandated reportable cancer cases using natural language processing and machine learning","Osborne JD, Wyatt M, Westfall AO, Willig J, Bethard S, Gordon G.","J Am Med Inform Assoc. 2016 Nov;23(6):1077-1084. doi: 10.1093/jamia/ocw006. Epub 2016 Mar 28.","Osborne JD","J Am Med Inform Assoc","2016","2016/03/31","PMC5070519","","10.1093/jamia/ocw006"
"16779095","Comparing natural language processing tools to extract medical problems from narrative text","Meystre SM, Haug PJ.","AMIA Annu Symp Proc. 2005;2005:525-9.","Meystre SM","AMIA Annu Symp Proc","2005","2006/06/17","PMC1560561","",""
"23616843","Comparing the effectiveness of computerized adverse drug event monitoring systems to enhance clinical decision support for hospitalized patients","Petratos GN, Kim Y, Evans RS, Williams SD, Gardner RM.","Appl Clin Inform. 2010 Sep 1;1(3):293-303. doi: 10.4338/ACI-2009-11-RA-0009. Print 2010.","Petratos GN","Appl Clin Inform","2010","2013/04/26","PMC3631899","","10.4338/ACI-2009-11-RA-0009"
"30546259","Training Augmented Intelligent Capabilities for Pharmacovigilance: Applying Deep-learning Approaches to Individual Case Safety Report Processing","Abatemarco D, Perera S, Bao SH, Desai S, Assuncao B, Tetarenko N, Danysz K, Mockute R, Widdowson M, Fornarotto N, Beauchamp S, Cicirello S, Mingle E.","Pharmaceut Med. 2018;32(6):391-401. doi: 10.1007/s40290-018-0251-9. Epub 2018 Oct 13.","Abatemarco D","Pharmaceut Med","2018","2018/12/15","PMC6267537","","10.1007/s40290-018-0251-9"
"23920643","Using linked data for mining drug-drug interactions in electronic health records","Pathak J, Kiefer RC, Chute CG.","Stud Health Technol Inform. 2013;192:682-6.","Pathak J","Stud Health Technol Inform","2013","2013/08/08","PMC3909652","NIHMS547249",""
"31160010","Smoothing dense spaces for improved relation extraction between drugs and adverse reactions","Santiso S, Pérez A, Casillas A.","Int J Med Inform. 2019 Aug;128:39-45. doi: 10.1016/j.ijmedinf.2019.05.009. Epub 2019 May 13.","Santiso S","Int J Med Inform","2019","2019/06/05","","","10.1016/j.ijmedinf.2019.05.009"
"11825149","Effective mapping of biomedical text to the UMLS Metathesaurus: the MetaMap program","Aronson AR.","Proc AMIA Symp. 2001:17-21.","Aronson AR","Proc AMIA Symp","2001","2002/02/05","PMC2243666","",""
"27539197","A long journey to short abbreviations: developing an open-source framework for clinical abbreviation recognition and disambiguation (CARD)","Wu Y, Denny JC, Trent Rosenbloom S, Miller RA, Giuse DA, Wang L, Blanquicett C, Soysal E, Xu J, Xu H.","J Am Med Inform Assoc. 2017 Apr 1;24(e1):e79-e86. doi: 10.1093/jamia/ocw109.","Wu Y","J Am Med Inform Assoc","2017","2016/08/20","PMC7651947","","10.1093/jamia/ocw109"
"30272184","Data and systems for medication-related text classification and concept normalization from Twitter: insights from the Social Media Mining for Health (SMM4H)-2017 shared task","Sarker A, Belousov M, Friedrichs J, Hakala K, Kiritchenko S, Mehryary F, Han S, Tran T, Rios A, Kavuluru R, de Bruijn B, Ginter F, Mahata D, Mohammad SM, Nenadic G, Gonzalez-Hernandez G.","J Am Med Inform Assoc. 2018 Oct 1;25(10):1274-1283. doi: 10.1093/jamia/ocy114.","Sarker A","J Am Med Inform Assoc","2018","2018/10/02","PMC6188524","","10.1093/jamia/ocy114"
"31947235","Prediction of Personal Experience Tweets of Medication Use via Contextual Word Representations()","Jiang K, Chen T, Calix RA, Bernard GR.","Annu Int Conf IEEE Eng Med Biol Soc. 2019 Jul;2019:6093-6096. doi: 10.1109/EMBC.2019.8856753.","Jiang K","Annu Int Conf IEEE Eng Med Biol Soc","2019","2020/01/18","","","10.1109/EMBC.2019.8856753"
"26776215","FINDING POTENTIALLY UNSAFE NUTRITIONAL SUPPLEMENTS FROM USER REVIEWS WITH TOPIC MODELING","Sullivan R, Sarker A, O'Connor K, Goodin A, Karlsrud M, Gonzalez G.","Pac Symp Biocomput. 2016;21:528-39.","Sullivan R","Pac Symp Biocomput","2016","2016/01/19","PMC6391886","NIHMS959820",""
"31087070","Comment on: ""Deep learning for pharmacovigilance: recurrent neural network architectures for labeling adverse drug reactions in Twitter posts""","Magge A, Sarker A, Nikfarjam A, Gonzalez-Hernandez G.","J Am Med Inform Assoc. 2019 Jun 1;26(6):577-579. doi: 10.1093/jamia/ocz013.","Magge A","J Am Med Inform Assoc","2019","2019/05/16","PMC6515520","","10.1093/jamia/ocz013"
"25917752","Benchmarking clinical speech recognition and information extraction: new data, methods, and evaluations","Suominen H, Zhou L, Hanlen L, Ferraro G.","JMIR Med Inform. 2015 Apr 27;3(2):e19. doi: 10.2196/medinform.4321.","Suominen H","JMIR Med Inform","2015","2015/04/29","PMC4427705","","10.2196/medinform.4321"
"20841784","Extraction of adverse drug effects from clinical records","Aramaki E, Miura Y, Tonoike M, Ohkuma T, Masuichi H, Waki K, Ohe K.","Stud Health Technol Inform. 2010;160(Pt 1):739-43.","Aramaki E","Stud Health Technol Inform","2010","2010/09/16","","",""
"23304379","Automatic adverse drug events detection using letters to the editor","Yang C, Srinivasan P, Polgreen PM.","AMIA Annu Symp Proc. 2012;2012:1030-9. Epub 2012 Nov 3.","Yang C","AMIA Annu Symp Proc","2012","2013/01/11","PMC3540506","",""
"27431037","An ensemble method for extracting adverse drug events from social media","Liu J, Zhao S, Zhang X.","Artif Intell Med. 2016 Jun;70:62-76. doi: 10.1016/j.artmed.2016.05.004. Epub 2016 Jun 6.","Liu J","Artif Intell Med","2016","2016/07/20","","","10.1016/j.artmed.2016.05.004"
"19261939","Voice capture of medical residents' clinical information needs during an inpatient rotation","Chase HS, Kaufman DR, Johnson SB, Mendonca EA.","J Am Med Inform Assoc. 2009 May-Jun;16(3):387-94. doi: 10.1197/jamia.M2940. Epub 2009 Mar 4.","Chase HS","J Am Med Inform Assoc","2009","2009/03/06","PMC2732238","","10.1197/jamia.M2940"
"30009034","Screening of anticancer drugs to detect drug-induced interstitial pneumonia using the accumulated data in the electronic medical record","Shimai Y, Takeda T, Okada K, Manabe S, Teramoto K, Mihara N, Matsumura Y.","Pharmacol Res Perspect. 2018 Jul 12;6(4):e00421. doi: 10.1002/prp2.421. eCollection 2018 Jul.","Shimai Y","Pharmacol Res Perspect","2018","2018/07/17","PMC6043691","","10.1002/prp2.421"
"29730047","Leveraging Wikipedia knowledge to classify multilingual biomedical documents","Antonio Mouriño García M, Pérez Rodríguez R, Anido Rifón L.","Artif Intell Med. 2018 Jun;88:37-57. doi: 10.1016/j.artmed.2018.04.007. Epub 2018 May 3.","Antonio Mouriño García M","Artif Intell Med","2018","2018/05/07","","","10.1016/j.artmed.2018.04.007"
"25917055","Toward a complete dataset of drug-drug interaction information from publicly available sources","Ayvaz S, Horn J, Hassanzadeh O, Zhu Q, Stan J, Tatonetti NP, Vilar S, Brochhausen M, Samwald M, Rastegar-Mojarad M, Dumontier M, Boyce RD.","J Biomed Inform. 2015 Jun;55:206-17. doi: 10.1016/j.jbi.2015.04.006. Epub 2015 Apr 24.","Ayvaz S","J Biomed Inform","2015","2015/04/29","PMC4464899","NIHMS689505","10.1016/j.jbi.2015.04.006"
"23906817","The DDI corpus: an annotated corpus with pharmacological substances and drug-drug interactions","Herrero-Zazo M, Segura-Bedmar I, Martínez P, Declerck T.","J Biomed Inform. 2013 Oct;46(5):914-20. doi: 10.1016/j.jbi.2013.07.011. Epub 2013 Jul 29.","Herrero-Zazo M","J Biomed Inform","2013","2013/08/03","","","10.1016/j.jbi.2013.07.011"
"22922172","Vaccine adverse event text mining system for extracting features from vaccine safety reports","Botsis T, Buttolph T, Nguyen MD, Winiecki S, Woo EJ, Ball R.","J Am Med Inform Assoc. 2012 Nov-Dec;19(6):1011-8. doi: 10.1136/amiajnl-2012-000881. Epub 2012 Aug 25.","Botsis T","J Am Med Inform Assoc","2012","2012/08/28","PMC3534466","","10.1136/amiajnl-2012-000881"
"24928448","Automatic construction of a large-scale and accurate drug-side-effect association knowledge base from biomedical literature","Xu R, Wang Q.","J Biomed Inform. 2014 Oct;51:191-9. doi: 10.1016/j.jbi.2014.05.013. Epub 2014 Jun 10.","Xu R","J Biomed Inform","2014","2014/06/15","PMC4589180","NIHMS724243","10.1016/j.jbi.2014.05.013"
"28284761","Embedding of semantic predications","Cohen T, Widdows D.","J Biomed Inform. 2017 Apr;68:150-166. doi: 10.1016/j.jbi.2017.03.003. Epub 2017 Mar 8.","Cohen T","J Biomed Inform","2017","2017/03/13","PMC5441848","NIHMS862460","10.1016/j.jbi.2017.03.003"
"26851224","Bridging semantics and syntax with graph algorithms-state-of-the-art of extracting biomedical relations","Luo Y, Uzuner Ö, Szolovits P.","Brief Bioinform. 2017 Jan;18(1):160-178. doi: 10.1093/bib/bbw001. Epub 2016 Feb 5.","Luo Y","Brief Bioinform","2017","2016/02/07","PMC5221425","","10.1093/bib/bbw001"
"23920604","Building a knowledge base of severe adverse drug events based on AERS reporting data using semantic web technologies","Jiang G, Wang L, Liu H, Solbrig HR, Chute CG.","Stud Health Technol Inform. 2013;192:496-500.","Jiang G","Stud Health Technol Inform","2013","2013/08/08","","",""
"26262056","INITIATE: An Intelligent Adaptive Alert Environment","Jafarpour B, Abidi SR, Ahmad AM, Abidi SS.","Stud Health Technol Inform. 2015;216:285-9.","Jafarpour B","Stud Health Technol Inform","2015","2015/08/12","","",""
"29399672","Knowledge-Based Biomedical Word Sense Disambiguation with Neural Concept Embeddings","Sabbir A, Jimeno-Yepes A, Kavuluru R.","Proc IEEE Int Symp Bioinformatics Bioeng. 2017 Oct;2017:163-170. doi: 10.1109/BIBE.2017.00-61. Epub 2018 Jan 11.","Sabbir A","Proc IEEE Int Symp Bioinformatics Bioeng","2017","2018/02/06","PMC5792196","NIHMS919324","10.1109/BIBE.2017.00-61"
"26141794","On the creation of a clinical gold standard corpus in Spanish: Mining adverse drug reactions","Oronoz M, Gojenola K, Pérez A, de Ilarraza AD, Casillas A.","J Biomed Inform. 2015 Aug;56:318-32. doi: 10.1016/j.jbi.2015.06.016. Epub 2015 Jun 30.","Oronoz M","J Biomed Inform","2015","2015/07/05","","","10.1016/j.jbi.2015.06.016"
"29695376","Clinical Relation Extraction Toward Drug Safety Surveillance Using Electronic Health Record Narratives: Classical Learning Versus Deep Learning","Munkhdalai T, Liu F, Yu H.","JMIR Public Health Surveill. 2018 Apr 25;4(2):e29. doi: 10.2196/publichealth.9361.","Munkhdalai T","JMIR Public Health Surveill","2018","2018/04/27","PMC5943628","","10.2196/publichealth.9361"
"21346964","ADESSA: A Real-Time Decision Support Service for Delivery of Semantically Coded Adverse Drug Event Data","Duke JD, Friedlin J.","AMIA Annu Symp Proc. 2010 Nov 13;2010:177-81.","Duke JD","AMIA Annu Symp Proc","2010","2011/02/25","PMC3041415","",""
"16359928","Natural language processing to extract medical problems from electronic clinical documents: performance evaluation","Meystre S, Haug PJ.","J Biomed Inform. 2006 Dec;39(6):589-99. doi: 10.1016/j.jbi.2005.11.004. Epub 2005 Dec 5.","Meystre S","J Biomed Inform","2006","2005/12/20","","","10.1016/j.jbi.2005.11.004"
"28883198","Analysis of Annotated Data Models for Improving Data Quality","Ulrich H, Kock-Schoppenhauer AK, Andersen B, Ingenerf J.","Stud Health Technol Inform. 2017;243:190-194.","Ulrich H","Stud Health Technol Inform","2017","2017/09/09","","",""
"20362071","Selecting information in electronic health records for knowledge acquisition","Wang X, Chase H, Markatou M, Hripcsak G, Friedman C.","J Biomed Inform. 2010 Aug;43(4):595-601. doi: 10.1016/j.jbi.2010.03.011. Epub 2010 Mar 31.","Wang X","J Biomed Inform","2010","2010/04/06","PMC2902678","NIHMS199562","10.1016/j.jbi.2010.03.011"
"28371826","Development of an automated assessment tool for MedWatch reports in the FDA adverse event reporting system","Han L, Ball R, Pamer CA, Altman RB, Proestel S.","J Am Med Inform Assoc. 2017 Sep 1;24(5):913-920. doi: 10.1093/jamia/ocx022.","Han L","J Am Med Inform Assoc","2017","2017/04/04","PMC7651970","","10.1093/jamia/ocx022"
"26232443","Normalizing clinical terms using learned edit distance patterns","Kate RJ.","J Am Med Inform Assoc. 2016 Mar;23(2):380-6. doi: 10.1093/jamia/ocv108. Epub 2015 Jul 31.","Kate RJ","J Am Med Inform Assoc","2016","2015/08/02","","","10.1093/jamia/ocv108"
"22569097","Identification of pneumonia and influenza deaths using the Death Certificate Pipeline","Davis K, Staes C, Duncan J, Igo S, Facelli JC.","BMC Med Inform Decis Mak. 2012 May 8;12:37. doi: 10.1186/1472-6947-12-37.","Davis K","BMC Med Inform Decis Mak","2012","2012/05/10","PMC3444937","","10.1186/1472-6947-12-37"
"26100267","Exploring Spanish health social media for detecting drug effects","Segura-Bedmar I, Martínez P, Revert R, Moreno-Schneider J.","BMC Med Inform Decis Mak. 2015;15 Suppl 2(Suppl 2):S6. doi: 10.1186/1472-6947-15-S2-S6. Epub 2015 Jun 15.","Segura-Bedmar I","BMC Med Inform Decis Mak","2015","2015/06/24","PMC4474583","","10.1186/1472-6947-15-S2-S6"
"27683667","v3NLP Framework: Tools to Build Applications for Extracting Concepts from Clinical Text","Divita G, Carter ME, Tran LT, Redd D, Zeng QT, Duvall S, Samore MH, Gundlapalli AV.","EGEMS (Wash DC). 2016 Aug 11;4(3):1228. doi: 10.13063/2327-9214.1228. eCollection 2016.","Divita G","EGEMS (Wash DC)","2016","2016/09/30","PMC5019303","","10.13063/2327-9214.1228"
"22122057","Using text-mining techniques in electronic patient records to identify ADRs from medicine use","Warrer P, Hansen EH, Juhl-Jensen L, Aagaard L.","Br J Clin Pharmacol. 2012 May;73(5):674-84. doi: 10.1111/j.1365-2125.2011.04153.x.","Warrer P","Br J Clin Pharmacol","2012","2011/11/30","PMC3403195","","10.1111/j.1365-2125.2011.04153.x"
"29295169","Mining Adverse Events of Dietary Supplements from Product Labels by Topic Modeling","Wang Y, Gunashekar DR, Adam TJ, Zhang R.","Stud Health Technol Inform. 2017;245:614-618.","Wang Y","Stud Health Technol Inform","2017","2018/01/04","PMC5760183","NIHMS931739",""
"24928177","Applying MetaMap to Medline for identifying novel associations in a large clinical dataset: a feasibility analysis","Hanauer DA, Saeed M, Zheng K, Mei Q, Shedden K, Aronson AR, Ramakrishnan N.","J Am Med Inform Assoc. 2014 Sep-Oct;21(5):925-37. doi: 10.1136/amiajnl-2014-002767. Epub 2014 Jun 13.","Hanauer DA","J Am Med Inform Assoc","2014","2014/06/15","PMC4147617","","10.1136/amiajnl-2014-002767"
"15360915","Failure analysis of MetaMap Transfer (MMTx)","Divita G, Tse T, Roth L.","Stud Health Technol Inform. 2004;107(Pt 2):763-7.","Divita G","Stud Health Technol Inform","2004","2004/09/14","","",""
"29247788","Vector representations of multi-word terms for semantic relatedness","Henry S, Cuffy C, McInnes BT.","J Biomed Inform. 2018 Jan;77:111-119. doi: 10.1016/j.jbi.2017.12.006. Epub 2017 Dec 13.","Henry S","J Biomed Inform","2018","2017/12/17","","","10.1016/j.jbi.2017.12.006"
"23304375","A comparative study of current Clinical Natural Language Processing systems on handling abbreviations in discharge summaries","Wu Y, Denny JC, Rosenbloom ST, Miller RA, Giuse DA, Xu H.","AMIA Annu Symp Proc. 2012;2012:997-1003. Epub 2012 Nov 3.","Wu Y","AMIA Annu Symp Proc","2012","2013/01/11","PMC3540461","",""
"25160352","The effect object paradigm--a means to support medication safety with clinical decision support","Patapovas A, Pfistermeister B, Tarkhov A, Terfloth L, Maas R, Fromm MF, Kornhuber J, Prokosch HU, Bürkle T.","Stud Health Technol Inform. 2014;205:1065-9.","Patapovas A","Stud Health Technol Inform","2014","2014/08/28","","",""
"21056118","Comparing and combining chunkers of biomedical text","Kang N, van Mulligen EM, Kors JA.","J Biomed Inform. 2011 Apr;44(2):354-60. doi: 10.1016/j.jbi.2010.10.005. Epub 2010 Nov 4.","Kang N","J Biomed Inform","2011","2010/11/09","","","10.1016/j.jbi.2010.10.005"
"18426548","Assessment of disease named entity recognition on a corpus of annotated sentences","Jimeno A, Jimenez-Ruiz E, Lee V, Gaudan S, Berlanga R, Rebholz-Schuhmann D.","BMC Bioinformatics. 2008 Apr 11;9 Suppl 3(Suppl 3):S3. doi: 10.1186/1471-2105-9-S3-S3.","Jimeno A","BMC Bioinformatics","2008","2008/05/09","PMC2352871","","10.1186/1471-2105-9-S3-S3"
"34111555","Augmenting aer2vec: Enriching Distributed Representations of Adverse Event Report Data with Orthographic and Lexical Information","Ding X, Mower J, Subramanian D, Cohen T.","J Biomed Inform. 2021 Jun 7:103833. doi: 10.1016/j.jbi.2021.103833. Online ahead of print.","Ding X","J Biomed Inform","2021","2021/06/10","","","10.1016/j.jbi.2021.103833"
"33718782","Impact of Pharmacogenomic Information on Values of Care and Quality of Life Associated with Codeine and Tramadol-Related Adverse Drug Events","Zhu Y, Lopes GS, Bielinski SJ, Borah BJ, Larson NB, Moyer AM, Olson JE, Wang L, Weinshilboum R, St Sauver JL.","Mayo Clin Proc Innov Qual Outcomes. 2021 Jan 13;5(1):35-45. doi: 10.1016/j.mayocpiqo.2020.08.009. eCollection 2021 Feb.","Zhu Y","Mayo Clin Proc Innov Qual Outcomes","2021","2021/03/15","PMC7930862","","10.1016/j.mayocpiqo.2020.08.009"
"30355555","Identification of Primary Medication Concerns Regarding Thyroid Hormone Replacement Therapy From Online Patient Medication Reviews: Text Mining of Social Network Data","Park SH, Hong SH.","J Med Internet Res. 2018 Oct 24;20(10):e11085. doi: 10.2196/11085.","Park SH","J Med Internet Res","2018","2018/10/26","PMC6231751","","10.2196/11085"
"25607983","Generation of silver standard concept annotations from biomedical texts with special relevance to phenotypes","Oellrich A, Collier N, Smedley D, Groza T.","PLoS One. 2015 Jan 21;10(1):e0116040. doi: 10.1371/journal.pone.0116040. eCollection 2015.","Oellrich A","PLoS One","2015","2015/01/22","PMC4301805","","10.1371/journal.pone.0116040"
"28148472","Using Social Listening Data to Monitor Misuse and Nonmedical Use of Bupropion: A Content Analysis","Anderson LS, Bell HG, Gilbert M, Davidson JE, Winter C, Barratt MJ, Win B, Painter JL, Menone C, Sayegh J, Dasgupta N.","JMIR Public Health Surveill. 2017 Feb 1;3(1):e6. doi: 10.2196/publichealth.6174.","Anderson LS","JMIR Public Health Surveill","2017","2017/02/03","PMC5311422","","10.2196/publichealth.6174"
"24858490","Lessons learnt from the DDIExtraction-2013 Shared Task","Segura-Bedmar I, Martínez P, Herrero-Zazo M.","J Biomed Inform. 2014 Oct;51:152-64. doi: 10.1016/j.jbi.2014.05.007. Epub 2014 May 21.","Segura-Bedmar I","J Biomed Inform","2014","2014/05/27","","","10.1016/j.jbi.2014.05.007"
"21685626","Mapping the ATC classification to the UMLS metathesaurus: some pragmatic applications","Merabti T, Abdoune H, Letord C, Sakji S, Joubert M, Darmoni SJ.","Stud Health Technol Inform. 2011;166:206-13.","Merabti T","Stud Health Technol Inform","2011","2011/06/21","","",""
"18999272","Biological entity recognition with conditional random fields","He Y, Kayaalp M.","AMIA Annu Symp Proc. 2008 Nov 6;2008:293-7.","He Y","AMIA Annu Symp Proc","2008","2008/11/13","PMC2656029","",""
"16779051","Detecting possible vaccination reactions in clinical notes","Hazlehurst B, Mullooly J, Naleway A, Crane B.","AMIA Annu Symp Proc. 2005;2005:306-10.","Hazlehurst B","AMIA Annu Symp Proc","2005","2006/06/17","PMC1560600","",""
"23304402","Methods for identifying suicide or suicidal ideation in EHRs","Haerian K, Salmasian H, Friedman C.","AMIA Annu Symp Proc. 2012;2012:1244-53. Epub 2012 Nov 3.","Haerian K","AMIA Annu Symp Proc","2012","2013/01/11","PMC3540459","",""
"23920619","Development of description framework of pharmacodynamics ontology and its application to possible drug-drug interaction reasoning","Imai T, Hayakawa M, Ohe K.","Stud Health Technol Inform. 2013;192:567-71.","Imai T","Stud Health Technol Inform","2013","2013/08/08","","",""
"29295337","MetaMap Lite in Excel: Biomedical Named-Entity Recognition for Non-Technical Users","Bhupatiraju RT, Fung KW, Bodenreider O.","Stud Health Technol Inform. 2017;245:1252.","Bhupatiraju RT","Stud Health Technol Inform","2017","2018/01/04","PMC5884681","NIHMS953299",""
"32142458","EMR-Based Phenotyping of Ischemic Stroke Using Supervised Machine Learning and Text Mining Techniques","Sung SF, Lin CY, Hu YH.","IEEE J Biomed Health Inform. 2020 Oct;24(10):2922-2931. doi: 10.1109/JBHI.2020.2976931. Epub 2020 Feb 28.","Sung SF","IEEE J Biomed Health Inform","2020","2020/03/07","","","10.1109/JBHI.2020.2976931"
"24431333","Automatic lymphoma classification with sentence subgraph mining from pathology reports","Luo Y, Sohani AR, Hochberg EP, Szolovits P.","J Am Med Inform Assoc. 2014 Sep-Oct;21(5):824-32. doi: 10.1136/amiajnl-2013-002443. Epub 2014 Jan 15.","Luo Y","J Am Med Inform Assoc","2014","2014/01/17","PMC4147603","","10.1136/amiajnl-2013-002443"
"23077130","Knowledge-based biomedical word sense disambiguation: an evaluation and application to clinical document classification","Garla VN, Brandt C.","J Am Med Inform Assoc. 2013 Sep-Oct;20(5):882-6. doi: 10.1136/amiajnl-2012-001350. Epub 2012 Oct 16.","Garla VN","J Am Med Inform Assoc","2013","2012/10/19","PMC3756260","","10.1136/amiajnl-2012-001350"
"19428833","Detecting possible vaccine adverse events in clinical notes of the electronic medical record","Hazlehurst B, Naleway A, Mullooly J.","Vaccine. 2009 Mar 23;27(14):2077-83. doi: 10.1016/j.vaccine.2009.01.105. Epub 2009 Jan 31.","Hazlehurst B","Vaccine","2009","2009/05/12","","","10.1016/j.vaccine.2009.01.105"
"32412846","Electronic Medical Record Search Engine (EMERSE): An Information Retrieval Tool for Supporting Cancer Research","Hanauer DA, Barnholtz-Sloan JS, Beno MF, Del Fiol G, Durbin EB, Gologorskaya O, Harris D, Harnett B, Kawamoto K, May B, Meeks E, Pfaff E, Weiss J, Zheng K.","JCO Clin Cancer Inform. 2020 May;4:454-463. doi: 10.1200/CCI.19.00134.","Hanauer DA","JCO Clin Cancer Inform","2020","2020/05/16","PMC7265780","","10.1200/CCI.19.00134"
"25486901","In silico analysis of autoimmune diseases and genetic relationships to vaccination against infectious diseases","McGarvey PB, Suzek BE, Baraniuk JN, Rao S, Conkright B, Lababidi S, Sutherland A, Forshee R, Madhavan S.","BMC Immunol. 2014 Dec 9;15:61. doi: 10.1186/s12865-014-0061-0.","McGarvey PB","BMC Immunol","2014","2014/12/10","PMC4266212","","10.1186/s12865-014-0061-0"
"18998862","Automatic quality of life prediction using electronic medical records","Pakhomov S, Shah N, Hanson P, Balasubramaniam S, Smith SA.","AMIA Annu Symp Proc. 2008 Nov 6;2008:545-9.","Pakhomov S","AMIA Annu Symp Proc","2008","2008/11/13","PMC2656045","",""
"24970840","Induced lexico-syntactic patterns improve information extraction from online medical forums","Gupta S, MacLean DL, Heer J, Manning CD.","J Am Med Inform Assoc. 2014 Sep-Oct;21(5):902-9. doi: 10.1136/amiajnl-2014-002669. Epub 2014 Jun 26.","Gupta S","J Am Med Inform Assoc","2014","2014/06/28","PMC4147618","","10.1136/amiajnl-2014-002669"
"21420508","Comparison of automated and human assignment of MeSH terms on publicly-available molecular datasets","Ruau D, Mbagwu M, Dudley JT, Krishnan V, Butte AJ.","J Biomed Inform. 2011 Dec;44 Suppl 1(Suppl 1):S39-S43. doi: 10.1016/j.jbi.2011.03.007. Epub 2011 Mar 21.","Ruau D","J Biomed Inform","2011","2011/03/23","PMC3155012","NIHMS289044","10.1016/j.jbi.2011.03.007"
"20351829","Measuring population health using personal health messages","Chee B, Berlin R, Schatz B.","AMIA Annu Symp Proc. 2009 Nov 14;2009:92-6.","Chee B","AMIA Annu Symp Proc","2009","2010/03/31","PMC2815419","",""
"22195097","An evaluation of the UMLS in representing corpus derived clinical concepts","Friedlin J, Overhage M.","AMIA Annu Symp Proc. 2011;2011:435-44. Epub 2011 Oct 22.","Friedlin J","AMIA Annu Symp Proc","2011","2011/12/24","PMC3243131","",""
"29977659","Deep Gramulator: Improving Precision in the Classification of Personal Health-Experience Tweets with Deep Learning","Calix RA, Gupta R, Gupta M, Jiang K.","Proceedings (IEEE Int Conf Bioinformatics Biomed). 2017 Nov;2017:1154-1159. doi: 10.1109/BIBM.2017.8217820. Epub 2017 Dec 18.","Calix RA","Proceedings (IEEE Int Conf Bioinformatics Biomed)","2017","2018/07/07","PMC6029703","NIHMS976854","10.1109/BIBM.2017.8217820"
"20819859","Extracting Rx information from clinical narrative","Mork JG, Bodenreider O, Demner-Fushman D, Dogan RI, Lang FM, Lu Z, Névéol A, Peters L, Shooshan SE, Aronson AR.","J Am Med Inform Assoc. 2010 Sep-Oct;17(5):536-9. doi: 10.1136/jamia.2010.003970.","Mork JG","J Am Med Inform Assoc","2010","2010/09/08","PMC2995679","","10.1136/jamia.2010.003970"
"23920921","Development of a SNOMED CT based national medication decision support system","Greibe K.","Stud Health Technol Inform. 2013;192:1147.","Greibe K","Stud Health Technol Inform","2013","2013/08/08","","",""
"25817969","Large-scale automatic extraction of side effects associated with targeted anticancer drugs from full-text oncological articles","Xu R, Wang Q.","J Biomed Inform. 2015 Jun;55:64-72. doi: 10.1016/j.jbi.2015.03.009. Epub 2015 Mar 27.","Xu R","J Biomed Inform","2015","2015/03/31","PMC4582661","NIHMS724240","10.1016/j.jbi.2015.03.009"
"22874187","Grouping the pharmacovigilance terms with a hybrid approach","Dupuch M, Dupuch L, Perinet A, Hamon T, Grabar N.","Stud Health Technol Inform. 2012;180:235-9.","Dupuch M","Stud Health Technol Inform","2012","2012/08/10","","",""
"21709163","Text mining for the Vaccine Adverse Event Reporting System: medical text classification using informative feature selection","Botsis T, Nguyen MD, Woo EJ, Markatou M, Ball R.","J Am Med Inform Assoc. 2011 Sep-Oct;18(5):631-8. doi: 10.1136/amiajnl-2010-000022. Epub 2011 Jun 27.","Botsis T","J Am Med Inform Assoc","2011","2011/06/29","PMC3168300","","10.1136/amiajnl-2010-000022"
"27903489","Finding Important Terms for Patients in Their Electronic Health Records: A Learning-to-Rank Approach Using Expert Annotations","Chen J, Zheng J, Yu H.","JMIR Med Inform. 2016 Nov 30;4(4):e40. doi: 10.2196/medinform.6373.","Chen J","JMIR Med Inform","2016","2016/12/02","PMC5156821","","10.2196/medinform.6373"
"14643729","Towards linking patients and clinical information: detecting UMLS concepts in e-mail","Brennan PF, Aronson AR.","J Biomed Inform. 2003 Aug-Oct;36(4-5):334-41. doi: 10.1016/j.jbi.2003.09.017.","Brennan PF","J Biomed Inform","2003","2003/12/04","","","10.1016/j.jbi.2003.09.017"
"29254915","Text Simplification Using Consumer Health Vocabulary to Generate Patient-Centered Radiology Reporting: Translation and Evaluation","Qenam B, Kim TY, Carroll MJ, Hogarth M.","J Med Internet Res. 2017 Dec 18;19(12):e417. doi: 10.2196/jmir.8536.","Qenam B","J Med Internet Res","2017","2017/12/20","PMC5748472","","10.2196/jmir.8536"
"25980721","Meeting the Semantic Challenge of the Globally Unique Identification of Medicinal Products - The openMedicine Approach","Stroetmann KA.","Stud Health Technol Inform. 2015;209:170-4.","Stroetmann KA","Stud Health Technol Inform","2015","2015/05/19","","",""
"24973735","Complex epilepsy phenotype extraction from narrative clinical discharge summaries","Cui L, Sahoo SS, Lhatoo SD, Garg G, Rai P, Bozorgi A, Zhang GQ.","J Biomed Inform. 2014 Oct;51:272-9. doi: 10.1016/j.jbi.2014.06.006. Epub 2014 Jun 26.","Cui L","J Biomed Inform","2014","2014/06/29","PMC4464795","NIHMS696029","10.1016/j.jbi.2014.06.006"
"21347051","Automatic acquisition of sublanguage semantic schema: towards the word sense disambiguation of clinical narratives","Patterson O, Igo S, Hurdle JF.","AMIA Annu Symp Proc. 2010 Nov 13;2010:612-6.","Patterson O","AMIA Annu Symp Proc","2010","2011/02/25","PMC3041300","",""
"26262107","Indexing Publicly Available Health Data with Medical Subject Headings (MeSH): An Evaluation of Term Coverage","Marc DT, Zhang R, Beattie J, Gatewood LC, Khairat SS.","Stud Health Technol Inform. 2015;216:529-33.","Marc DT","Stud Health Technol Inform","2015","2015/08/12","","",""
"34003753","A Comprehensive Review of Computational Methods for Drug-drug Interaction Detection","Qiu Y, Zhang Y, Deng Y, Liu S, Zhang W.","IEEE/ACM Trans Comput Biol Bioinform. 2021 May 18;PP. doi: 10.1109/TCBB.2021.3081268. Online ahead of print.","Qiu Y","IEEE/ACM Trans Comput Biol Bioinform","2021","2021/05/18","","","10.1109/TCBB.2021.3081268"
"15661799","Concept-based annotation of enzyme classes","Hofmann O, Schomburg D.","Bioinformatics. 2005 May 1;21(9):2059-66. doi: 10.1093/bioinformatics/bti284. Epub 2005 Jan 20.","Hofmann O","Bioinformatics","2005","2005/01/22","","","10.1093/bioinformatics/bti284"
"26262330","Extraction Of Adverse Events From Clinical Documents To Support Decision Making Using Semantic Preprocessing","Gaebel J, Kolter T, Arlt F, Denecke K.","Stud Health Technol Inform. 2015;216:1030.","Gaebel J","Stud Health Technol Inform","2015","2015/08/12","","",""
"22874173","Method for mapping the French CCAM terminology to the UMLS metathesaurus","Bousquet C, Souvignet J, Merabti T, Sadou E, Trombert B, Rodrigues JM.","Stud Health Technol Inform. 2012;180:164-8.","Bousquet C","Stud Health Technol Inform","2012","2012/08/10","","",""
"1504394","Development of a questionnaire for detecting potential adverse drug reactions","Corso DM, Pucino F, DeLeo JM, Calis KA, Gallelli JF.","Ann Pharmacother. 1992 Jul-Aug;26(7-8):890-6. doi: 10.1177/106002809202600704.","Corso DM","Ann Pharmacother","1992","1992/07/01","","","10.1177/106002809202600704"
"20406501","MKEM: a Multi-level Knowledge Emergence Model for mining undiscovered public knowledge","Ijaz AZ, Song M, Lee D.","BMC Bioinformatics. 2010 Apr 16;11 Suppl 2(Suppl 2):S3. doi: 10.1186/1471-2105-11-S2-S3.","Ijaz AZ","BMC Bioinformatics","2010","2010/04/22","PMC3165192","","10.1186/1471-2105-11-S2-S3"
"20819862","Linguistic approach for identification of medication names and related information in clinical narratives","Hamon T, Grabar N.","J Am Med Inform Assoc. 2010 Sep-Oct;17(5):549-54. doi: 10.1136/jamia.2010.004036.","Hamon T","J Am Med Inform Assoc","2010","2010/09/08","PMC2995681","","10.1136/jamia.2010.004036"
"25160157","Ci4SeR--curation interface for semantic resources--evaluation with adverse drug reactions","Souvignet J, Asfari H, Declerck G, Lardon J, Trombert-Paviot B, Jaulent MC, Bousquet C.","Stud Health Technol Inform. 2014;205:116-20.","Souvignet J","Stud Health Technol Inform","2014","2014/08/28","","",""
"28131722","Development and empirical user-centered evaluation of semantically-based query recommendation for an electronic health record search engine","Hanauer DA, Wu DT, Yang L, Mei Q, Murkowski-Steffy KB, Vydiswaran VG, Zheng K.","J Biomed Inform. 2017 Mar;67:1-10. doi: 10.1016/j.jbi.2017.01.013. Epub 2017 Jan 25.","Hanauer DA","J Biomed Inform","2017","2017/01/30","PMC5378386","NIHMS851374","10.1016/j.jbi.2017.01.013"
"24551361","Patient clustering with uncoded text in electronic medical records","Henao R, Murray J, Ginsburg G, Carin L, Lucas JE.","AMIA Annu Symp Proc. 2013 Nov 16;2013:592-9. eCollection 2013.","Henao R","AMIA Annu Symp Proc","2013","2014/02/20","PMC3900202","",""
"18998917","Computerized surveillance for adverse drug events in a pediatric hospital","Kilbridge PM, Noirot LA, Reichley RM, Heard KM, Dunagan WC, Bailey TC.","AMIA Annu Symp Proc. 2008 Nov 6:1004.","Kilbridge PM","AMIA Annu Symp Proc","2008","2008/11/13","","",""
"28391809","Leveraging medical taxonomies to improve knowledge management within online communities of practice: The knowledge maps system","Stewart SA, Abidi SS.","Comput Methods Programs Biomed. 2017 May;143:121-127. doi: 10.1016/j.cmpb.2017.03.003. Epub 2017 Mar 3.","Stewart SA","Comput Methods Programs Biomed","2017","2017/04/11","","","10.1016/j.cmpb.2017.03.003"
"25160341","Automatic annotation of ICD-to-MedDRA mappings with SKOS predicates","Declerck G, Souvignet J, Rodrigues JM, Jaulent MC.","Stud Health Technol Inform. 2014;205:1013-7.","Declerck G","Stud Health Technol Inform","2014","2014/08/28","","",""
"26556646","Crowdsourcing Twitter annotations to identify first-hand experiences of prescription drug use","Alvaro N, Conway M, Doan S, Lofi C, Overington J, Collier N.","J Biomed Inform. 2015 Dec;58:280-287. doi: 10.1016/j.jbi.2015.11.004. Epub 2015 Nov 7.","Alvaro N","J Biomed Inform","2015","2015/11/12","","","10.1016/j.jbi.2015.11.004"
"16160360","Evaluation of Medical Problem Extraction from Electronic Clinical Documents Using MetaMap Transfer (MMTx)","Meystre S, Haug PJ.","Stud Health Technol Inform. 2005;116:823-8.","Meystre S","Stud Health Technol Inform","2005","2005/09/15","","",""
"25160277","Online information seeking for cardiovascular diseases: a case study from Mayo Clinic","Jadhav A, Wu S, Sheth A, Pathak J.","Stud Health Technol Inform. 2014;205:702-6.","Jadhav A","Stud Health Technol Inform","2014","2014/08/28","","",""
"19761567","Characterizing environmental and phenotypic associations using information theory and electronic health records","Wang X, Hripcsak G, Friedman C.","BMC Bioinformatics. 2009 Sep 17;10 Suppl 9(Suppl 9):S13. doi: 10.1186/1471-2105-10-S9-S13.","Wang X","BMC Bioinformatics","2009","2009/09/19","PMC2745684","","10.1186/1471-2105-10-S9-S13"
"25510606","Knowledge based word-concept model estimation and refinement for biomedical text mining","Jimeno Yepes A, Berlanga R.","J Biomed Inform. 2015 Feb;53:300-7. doi: 10.1016/j.jbi.2014.11.015. Epub 2014 Dec 12.","Jimeno Yepes A","J Biomed Inform","2015","2014/12/17","","","10.1016/j.jbi.2014.11.015"
"33684612","Comparative study using inverse ontology cogency and alternatives for concept recognition in the annotated National Library of Medicine database","Shannon GJ, Rayapati N, Corns SM, Wunsch DC 2nd.","Neural Netw. 2021 Jul;139:86-104. doi: 10.1016/j.neunet.2021.01.018. Epub 2021 Feb 11.","Shannon GJ","Neural Netw","2021","2021/03/08","","","10.1016/j.neunet.2021.01.018"
"26958195","JuFiT: A Configurable Rule Engine for Filtering and Generating New Multilingual Umls Terms","Hellrich J, Schulz S, Buechel S, Hahn U.","AMIA Annu Symp Proc. 2015 Nov 5;2015:604-10. eCollection 2015.","Hellrich J","AMIA Annu Symp Proc","2015","2016/03/10","PMC4765630","",""
"18999050","Building an automated problem list based on natural language processing: lessons learned in the early phase of development","Solti I, Aaronson B, Fletcher G, Solti M, Gennari JH, Cooper M, Payne T.","AMIA Annu Symp Proc. 2008 Nov 6;2008:687-91.","Solti I","AMIA Annu Symp Proc","2008","2008/11/13","PMC2655946","",""
"20819864","Textractor: a hybrid system for medications and reason for their prescription extraction from clinical text documents","Meystre SM, Thibault J, Shen S, Hurdle JF, South BR.","J Am Med Inform Assoc. 2010 Sep-Oct;17(5):559-62. doi: 10.1136/jamia.2010.004028.","Meystre SM","J Am Med Inform Assoc","2010","2010/09/08","PMC2995680","","10.1136/jamia.2010.004028"
"33936399","Selection of Clinical Text Features for Classifying Suicide Attempts","Buckland RS, Hogan JW, Chen ES.","AMIA Annu Symp Proc. 2021 Jan 25;2020:273-282. eCollection 2020.","Buckland RS","AMIA Annu Symp Proc","2021","2021/05/03","PMC8075476","",""
"33936461","Bleeding Entity Recognition in Electronic Health Records: A Comprehensive Analysis of End-to-End Systems","Mitra A, Rawat BPS, McManus D, Kapoor A, Yu H.","AMIA Annu Symp Proc. 2021 Jan 25;2020:860-869. eCollection 2020.","Mitra A","AMIA Annu Symp Proc","2021","2021/05/03","PMC8075442","",""
"33535885","Building a specialized lexicon for breast cancer clinical trial subject eligibility analysis","Jung E, Jain H, Sinha AP, Gaudioso C.","Health Informatics J. 2021 Jan-Mar;27(1):1460458221989392. doi: 10.1177/1460458221989392.","Jung E","Health Informatics J","2021","2021/02/04","","","10.1177/1460458221989392"
"24551357","An early illness recognition framework using a temporal Smith Waterman algorithm and NLP","Hajihashemi Z, Popescu M.","AMIA Annu Symp Proc. 2013 Nov 16;2013:548-57. eCollection 2013.","Hajihashemi Z","AMIA Annu Symp Proc","2013","2014/02/20","PMC3900198","",""
"18999048","Standardized documentation in physical therapy: testing of validity and reliability of the PT-ITC and mapping it to the Metathesaurus","Hardardottir A, Heimisdottir M, Aronson AR, Gunnarsdottir V.","AMIA Annu Symp Proc. 2008 Nov 6:964.","Hardardottir A","AMIA Annu Symp Proc","2008","2008/11/13","","",""
"16779436","MQAF: a medical question-answering framework","Wedgwood J.","AMIA Annu Symp Proc. 2005;2005:1150.","Wedgwood J","AMIA Annu Symp Proc","2005","2006/06/17","PMC1560623","",""
"18694233","Mapping terms to UMLS concepts of the same semantic type","Tran N, Luong T, Krauthammer M.","AMIA Annu Symp Proc. 2007 Oct 11:1136.","Tran N","AMIA Annu Symp Proc","2007","2008/08/13","","",""
"33936438","Coding Free-Text Chief Complaints from a Health Information Exchange: A Preliminary Study","Karagounis S, Sarkar IN, Chen ES.","AMIA Annu Symp Proc. 2021 Jan 25;2020:638-647. eCollection 2020.","Karagounis S","AMIA Annu Symp Proc","2021","2021/05/03","PMC8075463","",""
"16170830","An algorithm to derive a numerical daily dose from unstructured text dosage instructions","Shah AD, Martinez C.","Pharmacoepidemiol Drug Saf. 2006 Mar;15(3):161-6. doi: 10.1002/pds.1151.","Shah AD","Pharmacoepidemiol Drug Saf","2006","2005/09/20","","","10.1002/pds.1151"
"34042861","Visualising Patterns Associated with Adverse Drug Reactions in French Forums","Allam N, Audeh B, Jaulent MC, Bousquet C.","Stud Health Technol Inform. 2021 May 27;281:1110-1111. doi: 10.3233/SHTI210368.","Allam N","Stud Health Technol Inform","2021","2021/05/27","","","10.3233/SHTI210368"
"15360865","Linguistic analysis: terms and phrases used by patients in e-mail messages to nurses","Hsieh Y, Hardardottir GA, Brennan PF.","Stud Health Technol Inform. 2004;107(Pt 1):511-5.","Hsieh Y","Stud Health Technol Inform","2004","2004/09/14","","",""
"17911776","A normalized lexical lookup approach to identifying UMLS concepts in free text","Bashyam V, Divita G, Bennett DB, Browne AC, Taira RK.","Stud Health Technol Inform. 2007;129(Pt 1):545-9.","Bashyam V","Stud Health Technol Inform","2007","2007/10/04","","",""
"17108617","Knowledge acquisition for computation of semantic distance between WHO-ART terms","Iavindrasana J, Bousquet C, Jaulent MC.","Stud Health Technol Inform. 2006;124:839-44.","Iavindrasana J","Stud Health Technol Inform","2006","2006/11/17","","",""
"21335680","Automated recognition and post-coordination of complex clinical terms","Gooch P, Roudsari A.","Stud Health Technol Inform. 2011;164:8-12.","Gooch P","Stud Health Technol Inform","2011","2011/02/22","","",""
"17238426","Combining image features, case descriptions and UMLS concepts to improve retrieval of medical images","Ruiz ME.","AMIA Annu Symp Proc. 2006;2006:674-8.","Ruiz ME","AMIA Annu Symp Proc","2006","2007/01/24","PMC1839585","",""
"15360827","Coping with the variability of medical terms","Baud RH, Ruch P, Gaudinat A, Fabry P, Lovis C, Geissbuhler A.","Stud Health Technol Inform. 2004;107(Pt 1):322-6.","Baud RH","Stud Health Technol Inform","2004","2004/09/14","","",""
"18998793","Reporting adverse experiences related to drugs: an ontology-based tool to help the citizens","De Lazzari C, Battaglia M, Pisanelli DM.","AMIA Annu Symp Proc. 2008 Nov 6:923.","De Lazzari C","AMIA Annu Symp Proc","2008","2008/11/13","","",""
